Ref,Val,Package,PosX,PosY,Rot,Side
"J2","1054440011","MOLEX_1054440011",144.445000,-98.000000,0.000000,top
