Ref,Val,Package,PosX,PosY,Rot,Side
"J1","61300811021","HDRRA8W64P0X254_1X8_2032X254X254P",153.114411,-86.215213,180.000000,bottom
